foto,grupo,split,estado,texto,confianza_ocr
..\..\dataset\raw\1_metro\ingreso_20260908_000042_148_2235.jpg,20260908,train,revisar,PSY589,1.000
..\..\dataset\raw\1_metro\ingreso_20260908_000048_146_8664.jpg,20260908,train,revisar,PSY589,1.000
..\..\dataset\raw\1_metro\ingreso_20260908_000053_212_3677.jpg,20260908,train,ok,PSY589,1.000
..\..\dataset\raw\1_metro\ingreso_20260908_000058_162_8714.jpg,20260908,train,ok,PSY589,1.000
media\ingreso_20260909_235321_4_1213.jpg,20260909,train,revisar,PSY589,1.000
media\ingreso_20260909_235347_78_3392.jpg,20260909,train,sin_placa_detectada,,
media\ingreso_20260909_235400_78_2320.jpg,20260909,train,ok,PSY589,0.975
media\ingreso_20260909_235418_63_7896.jpg,20260909,train,revisar,PSY589,0.991
media\ingreso_20260909_235421_96_740.jpg,20260909,train,revisar,PSY589,1.000
media\ingreso_20260909_235519_125_4810.jpg,20260909,train,revisar,PSY589,1.000
media\ingreso_20260909_235647_128_7279.jpg,20260909,train,sin_placa_detectada,,
media\ingreso_20260910_000329_126_6178.jpg,20260910,train,ok,PSY589,1.000
media\ingreso_20260910_000334_66_1742.jpg,20260910,train,ok,PSY589,1.000
media\ingreso_20260910_000345_225_3429.jpg,20260910,train,revisar,PSY589,0.998
media\ingreso_20260910_000353_154_1774.jpg,20260910,train,revisar,PSY589,0.999
media\ingreso_20260910_000401_171_9674.jpg,20260910,train,revisar,PSY589,1.000
media\ingreso_20260910_000408_151_6174.jpg,20260910,train,revisar,PSY589,1.000
media\ingreso_20260910_000418_149_5920.jpg,20260910,train,ok,PSY589,1.000
media\ingreso_20260910_000426_148_3971.jpg,20260910,train,ok,PSY589,1.000
media\ingreso_20260910_000433_60_763.jpg,20260910,train,ok,PSY589,1.000
media\ingreso_20260910_000451_141_7226.jpg,20260910,train,ok,PSY589,1.000
media\ingreso_20260910_000756_109_4078.jpg,20260910,train,revisar,PSY589,1.000
media\ingreso_20260910_001106_71_3671.jpg,20260910,train,ok,PSY589,1.000
media\ingreso_20260910_014443_89_369.jpg,20260910,train,revisar,PSY589,1.000
media\ingreso_20260910_014444_84_490.jpg,20260910,train,ok,PSY589,1.000
media\ingreso_20260910_014450_209_7687.jpg,20260910,train,ok,PSY589,1.000
media\ingreso_20260910_014500_314_737.jpg,20260910,train,revisar,PSY589,1.000
media\ingreso_20260910_014506_265_3869.jpg,20260910,train,ok,PSY589,0.999
media\ingreso_20260910_014531_233_7103.jpg,20260910,train,ok,PSY589,1.000
media\ingreso_20260910_014545_157_3865.jpg,20260910,train,ok,PSY589,1.000
media\ingreso_20260910_014546_186_6187.jpg,20260910,train,ok,PSY589,1.000
media\ingreso_20260910_014551_185_484.jpg,20260910,train,ok,PSY589,1.000
media\ingreso_20260910_014551_233_483.jpg,20260910,train,ok,PSY589,1.000
media\ingreso_20260910_014601_186_1514.jpg,20260910,train,ok,PSY589,0.973
media\ingreso_20260910_014604_222_2146.jpg,20260910,train,ok,PSY589,0.978
media\ingreso_20260910_014616_241_6646.jpg,20260910,train,ok,PSY589,1.000
media\ingreso_20260910_014632_192_675.jpg,20260910,train,ok,PSY589,0.999
media\ingreso_20260910_014634_149_4163.jpg,20260910,train,ok,PSY589,1.000
media\ingreso_20260910_014637_197_4938.jpg,20260910,train,ok,PSY589,1.000
media\ingreso_20260910_014648_186_6330.jpg,20260910,train,revisar,PSY589,1.000
media\ingreso_20260910_014659_164_6638.jpg,20260910,train,revisar,PSY589,1.000
media\ingreso_20260910_014714_210_4118.jpg,20260910,train,ok,PSY589,1.000
media\ingreso_20260910_014732_222_9142.jpg,20260910,train,ok,PSY589,1.000
media\ingreso_20260910_014732_237_9377.jpg,20260910,train,ok,PSY589,1.000
media\ingreso_20260910_014736_209_9386.jpg,20260910,train,ok,PSY589,1.000
media\ingreso_20260910_014744_185_4308.jpg,20260910,train,ok,PSY589,1.000
media\ingreso_20260914_221758_48_5460.jpg,20260914,val,revisar,PSY589,0.999
media\ingreso_20260914_221804_49_944.jpg,20260914,val,sin_placa_detectada,,
media\ingreso_20260914_221809_48_7229.jpg,20260914,val,revisar,PSY589,1.000
media\ingreso_20260914_221815_40_3396.jpg,20260914,val,revisar,PSY589,1.000
media\ingreso_20260914_222143_24_1964.jpg,20260914,val,revisar,PSY589,1.000
media\ingreso_20260914_225619_161_6555.jpg,20260914,val,revisar,PSY589,1.000
media\ingreso_20260914_225619_166_6349.jpg,20260914,val,revisar,PSY589,0.999
media\ingreso_20260914_225624_153_9050.jpg,20260914,val,revisar,PSY589,1.000
media\ingreso_20260914_225628_152_6704.jpg,20260914,val,revisar,PSY589,0.999
media\ingreso_20260914_225633_150_325.jpg,20260914,val,revisar,PSY589,1.000
media\ingreso_20260914_225637_149_5715.jpg,20260914,val,revisar,PSY589,1.000
media\ingreso_20260915_001433_8_1596.jpg,20260915,train,revisar,PSY589,0.993
media\ingreso_20260915_001437_17_5321.jpg,20260915,train,revisar,PSY589,0.999
media\ingreso_20260915_001440_27_9166.jpg,20260915,train,revisar,PSY589,0.980
media\ingreso_20260915_001444_29_2781.jpg,20260915,train,revisar,PSY585,0.949
media\ingreso_20260915_001447_29_6333.jpg,20260915,train,revisar,PSY589,0.931
media\ingreso_20260915_001517_41_6159.jpg,20260915,train,revisar,PSY589,0.995
media\ingreso_20260915_001523_37_229.jpg,20260915,train,revisar,PSY589,1.000
media\ingreso_20260915_001527_37_4463.jpg,20260915,train,revisar,PSY589,0.995
media\ingreso_20260915_001530_37_9050.jpg,20260915,train,revisar,PSY589,1.000
media\ingreso_20260915_001534_41_2308.jpg,20260915,train,revisar,PSY589,1.000
media\ingreso_20260915_001538_45_5910.jpg,20260915,train,revisar,PSY589,1.000
media\ingreso_20260915_001541_43_9728.jpg,20260915,train,ok,PSY589,1.000
media\ingreso_20260915_001545_46_3458.jpg,20260915,train,ok,PSY589,1.000
media\ingreso_20260915_003138_92_5589.jpg,20260915,train,revisar,PSY589,1.000
media\ingreso_20260915_003138_97_5375.jpg,20260915,train,revisar,PSY589,1.000
media\ingreso_20260915_003141_82_9550.jpg,20260915,train,revisar,PSY589,1.000
media\ingreso_20260915_003146_76_4085.jpg,20260915,train,revisar,PSY589,1.000
media\ingreso_20260915_003150_71_8520.jpg,20260915,train,revisar,PSY589,1.000
media\ingreso_20260915_003153_69_2657.jpg,20260915,train,revisar,PSY589,1.000
media\ingreso_20260915_003157_65_5965.jpg,20260915,train,revisar,PSY589,1.000
media\ingreso_20260915_003201_58_9321.jpg,20260915,train,ok,PSY589,1.000
media\ingreso_20260915_003205_59_3128.jpg,20260915,train,revisar,PSY589,1.000
media\ingreso_20260915_010738_58_6092.jpg,20260915,train,revisar,PSY589,1.000
media\ingreso_20260915_010750_100_8315.jpg,20260915,train,revisar,PSY589,1.000
media\ingreso_20260915_010808_304_3845.jpg,20260915,train,ok,PSY589,1.000
media\ingreso_20260915_010819_245_6659.jpg,20260915,train,ok,PSY589,1.000
media\ingreso_20260915_010854_236_4543.jpg,20260915,train,ok,PSY589,1.000
media\ingreso_20260915_011300_158_161.jpg,20260915,train,ok,PSY589,0.997
media\ingreso_20260915_012940_66_8103.jpg,20260915,train,revisar,PSY589,1.000
media\ingreso_20260915_013059_529_3011.jpg,20260915,train,revisar,PSY589,1.000
media\ingreso_20260915_013357_48_4268.jpg,20260915,train,ok,PSY589,1.000
media\ingreso_20260915_013436_87_3486.jpg,20260915,train,revisar,PSY589,1.000
media\ingreso_20260915_013734_219_9726.jpg,20260915,train,ok,PSY589,1.000
media\ingreso_20260915_013824_422_3570.jpg,20260915,train,ok,PSY589,1.000
media\ingreso_20260916_183527_105_5068.jpg,20260916,test,revisar,PSY589,1.000
media\ingreso_20260916_183629_225_7985.jpg,20260916,test,ok,PSY589,1.000
media\ingreso_20260916_183631_175_567.jpg,20260916,test,ok,PSY589,0.998
media\ingreso_20260916_183638_210_6241.jpg,20260916,test,ok,PSY589,1.000
media\ingreso_20260917_221118_532_4103.jpg,20260917,test,ok,PSY589,1.000
media\ingreso_20260917_221137_317_4217.jpg,20260917,test,ok,PSY589,1.000
media\ingreso_20260917_221319_263_7066.jpg,20260917,test,ok,PSY589,1.000
media\ingreso_20260917_221551_542_7287.jpg,20260917,test,revisar,PSY589,1.000
media\ingreso_20260921_174037_470_8618.jpg,20260921,test,sin_placa_detectada,,
media\ingreso_20260921_174107_407_1303.jpg,20260921,test,revisar,TDH398,0.927
