archivo,placa,nota
placa_20260909_234307_5.jpg,PSY589,
placa_20260909_234406_6.jpg,PSY589,
placa_20260909_235321_1.jpg,PSY589,
placa_20260909_235347_2.jpg,,texto cortado u ocluido
placa_20260909_235400_3.jpg,PSY589,
placa_20260909_235418_5.jpg,,texto cortado u ocluido
placa_20260909_235421_6.jpg,PSY589,
placa_20260909_235519_8.jpg,,texto cortado u ocluido
placa_20260909_235647_8.jpg,,sin placa
placa_20260910_000329_1.jpg,,texto cortado u ocluido
placa_20260910_000334_2.jpg,PSY589,
placa_20260910_000345_3.jpg,PSY589,
placa_20260910_000353_4.jpg,PSY589,
placa_20260910_000401_5.jpg,PSY589,
placa_20260910_000408_6.jpg,PSY589,
placa_20260910_000418_7.jpg,PSY589,
placa_20260910_000426_8.jpg,PSY589,
placa_20260910_000433_9.jpg,PSY589,
placa_20260910_000451_10.jpg,PSY589,
placa_20260910_000756_11.jpg,PSY589,
placa_20260910_001106_2.jpg,PSY589,
placa_20260910_014443_1.jpg,PSY589,
placa_20260910_014444_2.jpg,PSY589,
placa_20260910_014450_3.jpg,,texto cortado u ocluido
placa_20260910_014500_4.jpg,,texto cortado u ocluido
placa_20260910_014506_7.jpg,,texto cortado u ocluido
placa_20260910_014531_9.jpg,,texto cortado u ocluido
placa_20260910_014545_11.jpg,,texto cortado u ocluido
placa_20260910_014546_12.jpg,,texto cortado u ocluido
placa_20260910_014551_13.jpg,,texto cortado u ocluido
placa_20260910_014551_14.jpg,,texto cortado u ocluido
placa_20260910_014601_15.jpg,,texto cortado u ocluido
placa_20260910_014604_16.jpg,,texto cortado u ocluido
placa_20260910_014616_18.jpg,PSY589,
placa_20260910_014632_20.jpg,,texto cortado u ocluido
placa_20260910_014634_19.jpg,,texto cortado u ocluido
placa_20260910_014637_21.jpg,PSY589,
placa_20260910_014648_22.jpg,PSY589,
placa_20260910_014659_23.jpg,PSY589,
placa_20260910_014714_22.jpg,PSY589,
placa_20260910_014732_25.jpg,,texto cortado u ocluido
placa_20260910_014732_26.jpg,,texto cortado u ocluido
placa_20260910_014736_27.jpg,PSY589,
placa_20260910_014744_28.jpg,,texto cortado u ocluido
placa_20260914_221758_2.jpg,PSY589,
placa_20260914_221804_3.jpg,PSY589,
placa_20260914_221809_4.jpg,PSY589,
placa_20260914_221815_5.jpg,PSY589,
placa_20260914_222143_9.jpg,PSY589,
placa_20260914_225619_1.jpg,PSY589,
placa_20260914_225619_2.jpg,PSY589,
placa_20260914_225624_3.jpg,PSY589,
placa_20260914_225628_4.jpg,PSY589,
placa_20260914_225633_5.jpg,PSY589,
placa_20260914_225637_6.jpg,PSY589,
placa_20260915_001433_15.jpg,PSY589,
placa_20260915_001437_16.jpg,PSY589,
placa_20260915_001440_17.jpg,PSY589,
placa_20260915_001444_18.jpg,PSY589,
placa_20260915_001447_19.jpg,PSY589,
placa_20260915_001517_20.jpg,PSY589,
placa_20260915_001523_21.jpg,PSY589,
placa_20260915_001527_22.jpg,PSY589,
placa_20260915_001530_23.jpg,PSY589,
placa_20260915_001534_24.jpg,PSY589,
placa_20260915_001538_25.jpg,PSY589,
placa_20260915_001541_26.jpg,PSY589,
placa_20260915_001545_27.jpg,PSY589,
placa_20260915_003138_1.jpg,PSY589,
placa_20260915_003138_2.jpg,PSY589,
placa_20260915_003141_3.jpg,PSY589,
placa_20260915_003146_4.jpg,PSY589,
placa_20260915_003150_5.jpg,PSY589,
placa_20260915_003153_6.jpg,PSY589,
placa_20260915_003157_7.jpg,PSY589,
placa_20260915_003201_8.jpg,PSY589,
placa_20260915_003205_9.jpg,PSY589,
placa_20260915_010738_2.jpg,PSY589,
placa_20260915_010750_3.jpg,PSY589,
placa_20260915_010808_5.jpg,PSY589,
placa_20260915_010819_6.jpg,PSY589,
placa_20260915_010854_7.jpg,PSY589,
placa_20260915_011300_17.jpg,,texto cortado u ocluido
placa_20260915_012940_1.jpg,PSY589,
placa_20260915_013059_6.jpg,PSY589,
placa_20260915_013357_9.jpg,PSY589,
placa_20260915_013436_9.jpg,PSY589,
placa_20260915_013734_11.jpg,PSY589,
placa_20260915_013824_12.jpg,PSY589,
placa_20260916_183527_1.jpg,PSY589,
placa_20260916_183629_6.jpg,PSY589,
placa_20260916_183631_7.jpg,PSY589,
placa_20260916_183638_9.jpg,,texto cortado u ocluido
placa_20260917_221118_2.jpg,PSY589,
placa_20260917_221137_4.jpg,PSY589,
placa_20260917_221319_5.jpg,PSY589,
placa_20260917_221551_6.jpg,PSY589,
placa_20260921_174037_2.jpg,TDH398,
placa_20260921_174107_3.jpg,TDH398,
